sample_name,tsp_length,tsp_GC_per,tsp_GC_skew,rib_length,rib_GC_per,rib_GC_skew,tsp_GC3s,rib_GC3s,tsp_cost_per_aa,rib_cost_per_aa,tsp_ENc,rib_ENc,ENc_diff,rib_GC3s_skew,tsp_GC3s_skew,fungi_gs,fungi_gc_genome
ALS1,467.896686345458,51.1656903446963,-0.059603409,444.332684824903,53.3475794422828,0.0675291828793774,0.6109663,0.6350969,23.73052,23.4121,51.9449752168525,52.6313722627737,-0.013213926,-0.02327794,-0.02471021,55.570087471911,50.1428388488513
ALS10,538.739673487564,48.1344368630099,-0.090280545,463.387822183028,51.2493694632621,-0.240917946,0.5813702,0.6121735,24.28341,23.74143,52.0424802702508,52.2698567760571,-0.004369056,-0.029302746,-0.02251362,53.706012731497,49.9358368536031
ALS2,490.468349056604,50.4005471698113,-0.24872217,462.690582959641,52.9281811659193,-0.041002691,0.6040506,0.6293054,23.86054,23.47637,52.253120898834,52.7118198133525,-0.008778402,-0.022439194,-0.02387547,51.451080664667,49.6519225839395
ALS3,392.004911770056,55.9826723667455,0.183307258504639,387.526509572901,56.5622680412371,-0.123178694,0.6543791,0.6598687,22.94065,22.89072,55.4412085911904,55.6954136999754,-0.004585129,-0.023496031,-0.02146831,55.5790983479817,49.2528110352712
ALS4,378.258570970843,56.3940660044857,0.0146512869806686,375.689807510256,56.9456579362575,-0.218884506,0.6569323,0.6622622,22.87033,22.82401,55.3200887036443,55.4978844332176,-0.003213945,-0.016866937,-0.01847715,54.5052755719444,49.8086807748486
ALS5,389.050816553036,54.6083304265102,0.617288726811479,390.812630229203,55.702421862478,-0.158744991,0.6425518,0.6534422,23.14292,23.00276,54.8703903213011,55.2569937469937,-0.007045757,-0.020766558,-0.01692556,52.332540019636,49.0243664206286
ALS6,419.10555966014,52.9927041004802,-0.047589583,419.417437478589,54.9270298047276,-0.061449126,0.6264683,0.6447312,23.44802,23.15694,53.1520125728021,54.221405553651,-0.02011952,-0.020257024,-0.02445866,48.8079885052667,49.9134200788441
ALS7,436.675858401702,52.492646611972,0.155409450015193,438.393696930111,54.3667455911169,0.06458360548661,0.6219758,0.6395942,23.52133,23.24154,53.214132137155,54.4397908154927,-0.023032579,-0.021094128,-0.02497244,49.1948832242186,49.5439086007093
ALS8,468.549347772582,53.7160349495447,-0.014865863,469.209750566893,55.2984278155707,-0.264270597,0.633467,0.6475211,23.39981,23.13644,54.7961468341956,55.8747788279773,-0.01968445,-0.021358992,-0.02333771,47.2209239818004,51.0940921088419
ALS9,454.595189100972,51.5365706379053,-0.110567658,447.007476635514,53.5085911214953,-0.079077103,0.6148314,0.6347378,23.66581,23.38675,52.1633262305561,53.1253180542563,-0.018441919,-0.023989966,-0.02492819,48.2660980365189,50.8334959048504
BDGS1,425.624731580896,53.4460007404665,0.370189559422436,433.586989640463,54.8990295551493,-0.019055454,0.6317635,0.6450321,23.32358,23.11488,53.8251148318269,54.8598521566834,-0.019224062,-0.019309199,-0.01920188,60.9924424947233,50.1920437287053
BDGS2,416.601554907677,54.0263848396501,0.211979856877816,419.828398384926,55.2628213324361,-0.020508075,0.6380781,0.6499091,23.25074,23.10814,54.633223125884,55.310476270616,-0.012396361,-0.019059471,-0.02086389,50.036067592361,48.7321171932736
BDGS3,399.807415485278,55.2638996728462,0.309266085059978,404.339701948796,56.0071857088269,-0.030695453,0.6491573,0.6571606,23.03189,22.97988,55.0072257994107,55.338854465481,-0.00602882,-0.018771568,-0.01911768,48.5322379597432,50.764125357511
BDGS4,404.718045862413,54.4328953140578,0.465046859421735,404.600416233091,55.5200693721818,0.0927089836975373,0.6386003,0.6506422,23.1329,22.97622,54.7905884699781,55.2619611246095,-0.008603168,-0.017214509,-0.01945748,55.4732316111262,49.1255865957153
BDGS5,408.602683401861,54.5014939046382,0.564242227512083,425.879300375831,55.2132408210465,0.199787510841284,0.641204,0.6495575,23.13416,23.07816,55.0275566459807,55.5941055676067,-0.010295731,-0.021466418,-0.01973351,55.6092244603001,48.4446993203187
BMXS1,556.491424863261,48.5916794289422,-0.101479188,490.832049306626,50.5408289676425,-0.266138675,0.5872461,0.6102807,24.18367,23.81419,53.6038355681671,50.1567288710672,0.06430709,-0.031287747,-0.0242064,56.9300928462988,46.7820375965831
BMXS2,479.295278208823,50.2384692972733,-0.279843161,481.562908011869,51.8734183976261,-0.426759644,0.6019501,0.6202395,23.90376,23.57696,52.877013692555,51.0655506084892,0.034258044,-0.029400213,-0.02384496,50.802504341925,48.1719789534203
BMXS3,449.606088847468,49.6274660867764,-0.316311484,444.879422718808,52.5242271880819,-0.700176909,0.5983567,0.6221175,23.99085,23.50928,52.9156132173192,52.4321109040075,0.009137234,-0.031900865,-0.02576527,57.3213113015753,47.5148311845179
BMXS4,466.537803138374,49.6426415325046,-0.465163236,456.62578369906,51.5340987460815,-0.406267633,0.5969408,0.6156217,23.95625,23.62089,52.620312015662,50.8074690994703,0.034451391,-0.027968044,-0.02856024,55.6956570230449,47.8790350249389
BMXS5,468.837028421894,49.632471105619,-0.268373555,460.196974522293,51.7889156050955,-0.27661465,0.5979338,0.6205418,23.98122,23.62568,52.745132,51.4273008285532,0.024984887,-0.028073701,-0.02665425,50.6621089781959,47.9796542732167
BX1,530.392219737564,49.0302508332982,-0.280680562,488.143767240247,49.2889012215946,-0.375966111,0.589789,0.5956181,24.05827,23.98416,51.5347056836772,49.2407107633638,0.044513593,-0.037079186,-0.02819387,62.202093073656,49.18997785
BX2,536.328477566747,47.5738582478479,-0.166607886,478.166103520885,47.8981861808922,-0.24820332,0.5761904,0.5805487,24.26039,24.15853,50.6690996706468,48.5750220804711,0.041328494,-0.038407779,-0.02608745,56.439430599796,48.749803513219
BX3,617.27563314118,49.2139283650213,-0.253035373,497.489451476793,49.5826435890812,0.105775424093688,0.59221,0.5952017,23.99068,23.93534,51.8503019158906,49.6890340664079,0.04168284,-0.030243386,-0.02560811,62.1574855422094,49.2690458246369
BX4,536.67183102069,49.5762445064441,-0.249049923,482.903525326489,49.4299365894165,-0.546852117,0.5960434,0.5992215,23.97412,23.97678,51.4729208306054,49.145195463138,0.045222329,-0.039435237,-0.02688613,55.6610812247863,49.3052368660631
BX5,498.859922965038,45.441551473361,0.138597344179281,460.907275894412,48.3761155031489,-0.011329224,0.556072,0.586644,24.67484,24.17433,48.7332056867691,48.584204357357,0.003057491,-0.039325381,-0.02767143,49.4854473545531,48.5234922435332
CBL1,410.085704903678,55.5660912872154,0.822170534150613,440.226331360947,55.9472041420118,0.705848126232742,0.6506846,0.6545993,22.96473,22.93411,54.6407926161262,55.3549790330538,-0.013070572,-0.0158333,-0.01634945,46.082206379735,50.1727095928692
CBL2,435.946961894954,54.3843629542445,0.49984846255701,447.853834784037,55.5191377894564,0.179689604204303,0.6396416,0.6513209,23.23464,23.05095,54.5926282475896,55.4481156563167,-0.015670383,-0.0192517,-0.02186814,49.0612848765075,49.9191837163764
CBL3,406.099716981132,56.0181943396226,0.30175,430.194040439872,56.2361038193213,-0.139009105,0.6543813,0.6582788,22.91738,22.92522,53.9499504366297,54.8662396498699,-0.01698406,-0.021372936,-0.02138207,55.0162617296397,47.4377739403006
CBL4,448.608766324758,54.1218821814921,0.175775461016759,460.445140032949,55.1386754530478,0.0570609555189456,0.6369132,0.647994,23.22638,23.08915,52.719344069128,53.6959795514512,-0.018525183,-0.023105533,-0.02658566,48.2480023832926,50.096742969642
CBL5,447.1069663,54.2906779043754,0.0751620623276625,450.19598369319,55.0707851426846,0.0284221651819417,0.6393668,0.6482213,23.20814,23.12403,52.5006005521121,53.6907674875359,-0.022669587,-0.022666718,-0.02632072,47.4665887907749,49.9566013502547
CBS1,679.706777221365,49.8300364589169,-0.400792701,518.683174811414,49.6083393462337,-0.429112277,0.5980287,0.5971649,23.904,23.91813,52.8678057277878,49.5623197286355,0.062523609,-0.038458817,-0.03054835,52.2256839067652,49.3949625143989
CBS2,576.781845203176,48.2648468848997,-0.465315812,513.468566392479,51.2289042303173,-0.357864277,0.5820973,0.6121454,24.22683,23.7628,51.6881255626443,51.3059540636042,0.007393797,-0.031299437,-0.03337398,66.0771548026566,46.152481739867
CBS3,574.278525371461,50.1877154471545,-0.446463975,509.612740460423,50.8644118574582,-0.653472091,0.6008175,0.6107856,23.85345,23.76133,52.7504174264314,50.8732701421801,0.035585449,-0.032561646,-0.02831581,68.9771794523903,47.9040418602488
CBS4,580.479655846159,49.7639601686491,-0.355266856,505.075,50.8930353535354,-0.190386364,0.5971674,0.6070234,23.98492,23.76676,52.2099146119818,51.0210404040404,0.022771043,-0.029634133,-0.02952269,55.3681925489145,49.0679144928355
CBS5,576.755205157244,48.8667569039115,-0.364006664,504.699025938492,48.8560118200722,-0.046904892,0.589156,0.5930416,24.06635,24.06716,52.0716204172795,48.6947547087166,0.064850406,-0.032775788,-0.03024225,53.0537984010212,49.2351978659934
DHS1,450.599308407175,54.4956667387076,0.0269472660471148,449.986340206186,55.5158762886598,-0.113904639,0.641114,0.6517818,23.19672,23.0627,53.3792894992971,54.8511113976276,-0.027572902,-0.019899589,-0.02212366,48.9872684422929,51.4160961660111
DHS2,427.552475247525,55.3919876237624,0.163201732673267,438.632071269488,56.3689755011136,-0.078648107,0.6493911,0.6593578,23.0816,22.9801,54.765901943791,55.3082973033207,-0.009903888,-0.019988519,-0.02173465,50.7586314683211,49.6812831166397
DHS3,463.959858929144,50.5569381211927,-0.135200064,464.776132930514,52.3191742195368,-0.099755287,0.6044771,0.6220976,23.79716,23.56023,51.1958823529412,51.6674896704626,-0.009211821,-0.028563497,-0.02915222,52.3168308020574,49.3244429307502
DHS4,445.131363532596,51.3416583504549,-0.189220233,446.637338853863,53.4606031805778,-0.329427872,0.6120968,0.6327164,23.68811,23.39298,51.9509749330896,52.9868181818182,-0.019938861,-0.026406271,-0.0270162,46.7578385827675,50.6977732435818
DHS5,439.882862473348,53.0417657249467,-0.006148721,444.311619426488,54.9690303331676,-0.290706116,0.6278361,0.645788,23.45327,23.19493,53.304722,54.2623176392573,-0.017964556,-0.02424967,-0.02616771,49.5807625306029,50.4366947187637
DLS1,477.633843212237,48.1555612208767,-0.321834148,468.893077601411,49.8756095679012,-0.180845459,0.5797973,0.6009862,24.18865,23.90915,48.75131113,48.5204118816254,0.004736268,-0.030451753,-0.02980492,71.1339600963048,50.8606446982286
DLS2,483.425137614679,49.2985966972477,-0.421242752,465.913272102643,50.3227771156138,-0.340498493,0.5910908,0.6031585,23.97975,23.82591,49.5786269720289,48.4138790260333,0.023492945,-0.035496777,-0.03289468,50.564779872767,49.9677912174046
DLS3,479.049250769259,48.3676791143965,-0.305596562,470.833765370555,49.4883861748089,-0.284945829,0.5841675,0.598229,24.14001,23.96114,49.164557107432,47.8510885486019,0.026715761,-0.037878574,-0.03294279,78.3356660036146,49.687349824868
DLS4,489.617636599001,49.3394656955489,-0.365548459,471.419720186542,50.2252807219429,-0.283125189,0.5928721,0.6025415,23.98648,23.82314,49.8161139283781,48.2778882213727,0.030878075,-0.037204627,-0.03413209,74.3339113201608,49.2720115057386
DLS5,485.058194937354,47.7287947295151,-0.232304857,465.139989706639,49.3624839166238,-0.155833119,0.5763726,0.5937398,24.22224,23.96231,48.8591158853911,48.3688015463918,0.010035268,-0.039805242,-0.03368511,170.065681499546,50.1674596933298
DMS1,452.278077268643,54.4584119496855,0.626412848158131,461.822704081633,55.8911692176871,0.796041666666667,0.6391604,0.6535391,23.17398,22.95413,54.0178062485952,55.1002893617021,-0.020039376,-0.013142842,-0.01846671,41.5851358887107,49.4595676088073
DMS2,452.842770238652,55.2438652316331,0.360655124005615,439.588676671214,56.7352251023192,-0.048915416,0.6470972,0.6617465,23.1194,22.9685,54.834066448292,55.7566575716235,-0.016825145,-0.016690198,-0.01911043,43.5007601642258,49.4324847156806
DMS3,462.20230589083,55.0040623311115,-0.162567105,443.224175035868,56.6313199426112,-0.044666428,0.6447607,0.6606244,23.18262,22.90544,54.0998522256262,54.7662073914603,-0.012317135,-0.021043852,-0.02693748,43.2834957785567,48.898754426991
DMS4,460.412468513854,54.6718975650714,-0.164366079,469.072727272727,56.0192878787879,-0.057919192,0.6399474,0.6567636,23.19188,23.03127,53.1289024390244,54.7511431461811,-0.030534053,-0.023774325,-0.02874977,56.5153375402903,51.1376286110921
DMS5,437.505937586302,54.96139326,0.366267605633803,444.642558278542,55.7949103407053,0.698206814106396,0.6465268,0.6538645,23.12471,23.01578,53.4415668648873,54.8314029314987,-0.026006649,-0.012984493,-0.0201259,48.8769467752843,50.2876788339197
DYS1,424.81454928835,53.9710110701107,0.0905071164997364,424.392790164618,55.2135444884351,-0.115653261,0.6354123,0.6486113,23.28272,23.11451,53.482099430019,54.6287468723937,-0.021439836,-0.017758959,-0.02050603,41.0685446533549,46.1442133487232
DYS2,486.122316745273,49.0892984969366,-0.355689822,470.702357025397,51.2047332358853,-0.239199708,0.5904181,0.6117913,24.03644,23.72652,50.4720705399682,50.432714311826,0.000779763,-0.033081509,-0.03247173,43.1430574271303,47.5865738092247
DYS3,459.084310006097,49.2580699139625,-0.303626787,458.351421480144,51.7911383122744,-0.374496841,0.5920069,0.619011,24.01652,23.6582,50.439526053497,50.8315472294323,-0.007772103,-0.030401016,-0.03091016,44.4502315760081,47.0160010546822
DYS4,482.394444608961,49.620696496787,-0.464115017,461.731989503817,51.597539360687,-0.439680344,0.5939535,0.615333,23.95565,23.65097,50.5430268539925,50.0869789925997,0.009022963,-0.036434495,-0.03238745,48.4774799494689,48.1968660905528
DYS5,489.976828714221,49.0466269877329,-0.435188551,473.848819169109,51.4940717117738,-0.463437338,0.5908077,0.6171948,24.05002,23.69081,50.4396992310142,49.8096257975513,0.012491618,-0.03418934,-0.03144058,54.0353605497154,47.7259287578646
EMS1,507.721236212978,48.2622816191703,-0.136737249,468.279501599922,50.0264578687094,0.00995539610200719,0.5827432,0.6011354,24.14645,23.88604,49.9092571870655,49.6203972223571,0.005787703,-0.034059141,-0.02887837,47.6386360961051,49.5415497744845
EMS2,481.518743863094,48.5319585495862,-0.098604468,457.345844013182,50.3127499084584,-0.06887587,0.5861388,0.604441,24.15401,23.89284,50.1121963592957,50.4466442624954,-0.006673982,-0.032366131,-0.02816174,58.9865110479224,48.9943513152814
EMS3,476.62290525105,48.4338298960014,-0.081985239,452.661034965035,50.4596425174825,-0.035755524,0.5853373,0.6072443,24.17102,23.85135,49.8122951448858,50.013854854967,-0.004046385,-0.031886427,-0.0276103,52.8548809177871,49.1982048995256
EMS4,489.888530170609,47.9575073282092,-0.093552392,457.194479561736,50.0610914454277,-0.080967657,0.5797538,0.6013843,24.24736,23.90504,50.2633318456607,50.25759017,0.000114232,-0.0341236,-0.02737158,59.8602569794798,49.3040144564726
EMS5,467.737377615665,49.3692109809944,-0.029297719,444.082971924218,51.7658086053412,0.0144915544396257,0.5930621,0.6172395,24.02875,23.6735,51.1335321557734,51.6319064481124,-0.009746526,-0.027293836,-0.02808046,51.3273134251489,48.7481331440149
GH1,463.694953194953,50.9252380952381,0.00791412291412288,479.877886323268,53.3673046181172,-0.046394316,0.6059468,0.6311711,23.72469,23.35593,53.0062749490835,54.3746331702979,-0.025815023,-0.020673985,-0.02339286,54.2362270456853,48.7532591342581
GH2,443.527830728174,52.9485798703774,0.0379155547083492,454.0246939,54.1374081759701,-0.196995227,0.6251334,0.6366802,23.39838,23.20039,53.4661759374106,54.5641794765268,-0.020536414,-0.027069392,-0.02853122,59.0021386367392,48.0360373067619
GH3,444.817895940537,53.3223070325901,0.0953644939965695,454.22208847427,54.6385073728559,0.0385073728558531,0.6275241,0.6405921,23.33626,23.16604,53.2540635284018,54.5031005418423,-0.023454304,-0.021093051,-0.02732289,55.6011448919361,48.174967151444
GH4,427.219137120888,54.2139352840666,0.659228961982059,442.584716157205,54.7965917030568,0.324539301310044,0.6359948,0.642843,23.14467,23.11742,54.084645719782,54.6090970703979,-0.009696862,-0.018243829,-0.02004475,53.0569905143056,48.9988538338088
GH5,449.482700421941,52.8106497890295,0.0944102564102564,455.708078431373,53.8276125490196,-0.168327843,0.6243606,0.6354947,23.4229,23.26042,52.229539161521,53.0964787183917,-0.016598645,-0.024848978,-0.02933023,53.932426026394,48.5902323565809
GTS1,486.115497296808,49.2018642967169,-0.139326618,471.704121306376,51.7904659149819,-0.356107439,0.590643,0.6174094,24.03071,23.61876,51.46958563,50.8970515397083,0.011123736,-0.030984215,-0.02861964,44.7615090141277,48.4604789853188
GTS2,513.336042286092,49.6096372646184,-0.234290387,482.635103053847,51.1203167152261,-0.260209885,0.5963233,0.6170881,23.9412,23.69228,50.7859062355353,49.1824056578308,0.031573732,-0.037262349,-0.03237736,40.04511195,47.576650703057
GTS3,494.49214423986,49.3697951649935,-0.1845787,465.156294475353,51.4744242463449,-0.344047742,0.5931264,0.6138603,24.00104,23.65163,51.3908423076345,50.3309344463858,0.02062445,-0.031428738,-0.02954366,46.6362641867544,46.9701362530538
GTS4,492.73907629256,49.4410611601513,-0.269144861,471.732954920467,51.3026988317603,-0.4247119,0.5937994,0.6123826,23.97697,23.6999,51.1084223894489,50.1909889747145,0.017950729,-0.034238641,-0.0309107,43.1256901389634,48.1424093448565
GTS5,458.044809616189,51.0468503937008,-0.103913424,458.721588674794,53.5157753309739,0.188060034080482,0.6095622,0.6352569,23.72787,23.34843,51.7690073459445,51.9209979019145,-0.002935937,-0.024328342,-0.03149076,47.0608484408216,47.9183572454654
HG1,705.47408060599,50.304626691338,-0.286784347,514.995884773663,50.8186619953287,-0.357835613,0.6035668,0.6100562,23.86065,23.77695,53.246514863571,51.4518620868727,0.033704606,-0.031312737,-0.02595758,57.6473320343938,49.0059466572752
HG2,648.540679425977,50.105769894451,-0.325259493,515.510235131397,50.6382660212079,-0.275000461,0.6015829,0.6068727,23.94486,23.8143,53.232697851708,50.8246678660393,0.045235919,-0.031902132,-0.02655701,61.3909141555428,48.6478917214516
HG3,653.191707576968,50.6072194314419,-0.36435259,495.01792054806,51.3023100380133,-0.106075024,0.605942,0.6145428,23.83873,23.71361,53.1408788301048,51.7342835040769,0.026469177,-0.029695053,-0.02765684,61.5762909495323,49.2248325999577
HG4,659.005714504556,50.6856776297253,-0.350632316,498.773062614288,51.6805132732203,-0.142603254,0.6063215,0.6165964,23.78249,23.63957,53.1503311276401,52.1603022082019,0.018626957,-0.027376999,-0.02806224,56.6801078445226,47.9979366167212
HG5,652.173989351793,48.6248430467992,-0.289218274,497.789584387231,50.3546497510583,-0.153659576,0.5865202,0.6043864,24.09524,23.85285,52.3937695477288,51.2437903741605,0.021948777,-0.031622293,-0.02672879,56.7175412975446,49.8206526346192
HSD1,436.709887447635,53.6508252157674,0.0885337909453389,443.174655647383,54.7602837465565,0.166312672176309,0.6333197,0.6435186,23.33401,23.17093,52.4803839547338,53.8251350234224,-0.02562388,-0.024430498,-0.02713285,49.0955969393683,49.3342557622786
HSD2,430.820977151191,55.6683501458435,0.0965969859017987,433.668830088201,55.9658811782326,-0.112476286,0.6515718,0.6562216,23.00673,22.99,53.1841579459723,54.539064113239,-0.025475747,-0.022555997,-0.02529702,43.6871403727277,49.5996865099074
HSD3,431.485828488372,55.3865465116279,-0.009359012,442.214328597158,55.867752651591,0.0946147688613168,0.6492718,0.6547555,23.04181,23.00981,52.8671378708551,54.2404643714972,-0.025976941,-0.019913007,-0.02983794,42.4127598876782,49.6451500565021
HSD4,445.283040434348,52.4930922274611,0.0581543791970282,462.823369310183,53.8754359455655,-0.246623182,0.6222779,0.6372776,23.53257,23.3381,53.3341546325422,54.3596639759715,-0.019228004,-0.026977081,-0.02552548,44.8966143247578,50.1566420605711
HSD5,441.687552751095,53.4674474498613,0.0205727261766006,460.313118139333,54.4737082925769,-0.176278665,0.6312496,0.6425302,23.33464,23.20405,52.8034456114934,54.001431988692,-0.022687655,-0.025100307,-0.02794353,44.8644923262108,49.4798384391136
JGS1,483.725065150438,49.3725053304904,-0.572194188,476.330842942992,51.2751762221861,-0.504435602,0.5937321,0.6144189,24.03091,23.65969,50.3181419252817,49.6692669050715,0.012895449,-0.0331184,-0.03014629,43.1533456694185,49.0608089144802
JGS2,513.315914348419,48.6649704411096,-0.40313087,489.638249848077,50.1254015105478,-0.441001823,0.5870734,0.6038812,24.09343,23.804,49.7606554132943,48.3235542430296,0.02888027,-0.039628379,-0.03213302,46.4661719870148,50.4125994367532
JGS3,510.754006572295,48.2580054347826,-0.445971562,484.632903468136,49.4262670589708,-0.590714912,0.5819313,0.5961904,24.15715,23.86661,49.4902043269231,48.1308361518226,0.027467419,-0.042161075,-0.03441478,45.3899102357675,49.6883064488126
JGS4,591.105148816852,47.4861131675312,-0.314411087,502.919090361255,48.5679669510609,-0.377804244,0.574385,0.5864762,24.25987,24.01144,49.8349349017862,47.7832505715011,0.0411696,-0.04406057,-0.03287157,44.2816358961063,50.4595835553378
JGS5,508.006520366621,47.0727390982518,-0.239170313,483.42215375441,48.8177587834816,-0.29985688,0.571034,0.5919313,24.37027,24.00241,49.8118834657339,48.6994739197454,0.022332212,-0.037839733,-0.03008743,43.9756191700631,49.5777714734228
JX1,703.671604789826,47.0004582234073,-0.321837067,538.112920300449,49.717233452639,-0.175755407,0.5707792,0.5983405,24.30791,23.94384,51.692932807667,50.7362558,0.018506921,-0.03163891,-0.02647897,52.9966843223849,49.4019064738293
JX2,692.168567798113,48.2820580324929,-0.328007954,539.377515879697,49.9422943292263,-0.236712711,0.5830147,0.6012325,24.23113,23.9302,52.4283617647059,50.9446406279916,0.028299971,-0.031631401,-0.0271134,50.2850426385353,49.8634121829592
JX3,701.279590956075,47.5750224091041,-0.267197909,551.141204437401,49.2086101426307,-0.572490887,0.5764062,0.5938252,24.23638,23.9652,52.0432551614717,49.596898877296,0.047006212,-0.035876268,-0.02675094,52.7350499787271,48.7130630764409
JX4,461.807094594595,51.6238673986486,-0.081217061,467.088477366255,52.5352290809328,-0.369441701,0.6144241,0.6233707,23.58915,23.43116,51.2668490661709,51.1396364384689,0.002481382,-0.033611097,-0.03208755,57.8268614634257,47.2987527533969
JX5,735.353645031761,50.1621505709191,-0.429279997,571.139632890054,50.548576980708,-0.303266998,0.6017044,0.6075646,23.84597,23.75144,52.9179625235536,49.9132913171829,0.056779798,-0.0332285,-0.02948305,51.1872728443432,49.6009710276816
LS1,538.210805953823,46.6059022541704,-0.180390671,482.937279498236,50.2009976479812,-0.038298706,0.5660278,0.6033663,24.45053,23.88486,49.9646291370002,50.3192322795994,-0.007097084,-0.033224094,-0.03182069,49.904813710807,48.189804757553
LS2,555.591138014063,47.5078583693869,-0.355220686,487.729912461746,48.2986684221764,-0.377184542,0.57567,0.5859456,24.27858,24.15194,50.2679418853648,48.1673444959031,0.041788013,-0.03755839,-0.02924876,58.8895296571499,47.7812089606884
LS3,500.43701899659,48.9254963468095,-0.495660984,487.958888465931,52.2813323182337,-0.788918919,0.5891931,0.618857,24.08193,23.59134,50.227826553507,52.3219542857143,-0.041692581,-0.034422908,-0.02746535,55.3153501630402,48.7486588601331
LS4,463.108482980434,53.5288863575449,0.319112168319485,443.166481840865,55.4358830052675,0.0702148599944552,0.6322888,0.6513035,23.38967,23.07156,54.4629644030301,55.538038290788,-0.01973954,-0.020967324,-0.02284389,51.06232104,48.8948905385166
LS5,502.776003870344,50.5008369617804,0.598582486695694,519.139130434783,54.9948599033816,0.844647342995169,0.5990346,0.6442587,23.78887,23.14267,52.4612645348837,55.0444680851064,-0.049240208,-0.011066803,-0.0145875,55.6718886792008,47.9259839011774
LSL1,586.421387608231,47.0420200157427,-0.227488587,511.68333840073,52.019296138644,-0.104639708,0.5693096,0.6176383,24.37223,23.64311,50.2028182084375,51.6255863539446,-0.028340404,-0.023249468,-0.0236042,47.7862759169124,49.757511670769
LSL2,570.932865336086,45.8720709337004,-0.381955586,491.015135824106,51.7404939058392,-0.49305186,0.5571898,0.6144857,24.60556,23.70366,50.2861711235842,51.7021707589286,-0.028158828,-0.02829842,-0.02811245,59.1007027798986,49.2137120950876
LSL3,538.822885491217,46.5418311646064,0.0110291151594014,478.382220216606,52.9939959386282,-0.079935695,0.5652343,0.627512,24.4813,23.50427,50.527605163769,52.9360356699402,-0.047665637,-0.025673716,-0.02517788,48.8963177391529,50.3165889070078
LSL4,566.528645088689,49.328267827659,-0.251778846,463.493461435815,53.4229025887377,-0.223569789,0.5908561,0.6325774,24.07564,23.41697,51.3497399300202,53.214657980456,-0.036317965,-0.025572685,-0.02897742,57.4120005423068,50.355115943672
LSL5,551.855933628567,49.0244066371433,-0.312418858,458.87868749014,53.5904141031709,-0.323961193,0.5889798,0.6330742,24.12702,23.38283,51.3122257290746,53.3328590593434,-0.039379179,-0.025475521,-0.02863585,53.4469934734973,49.7606512165464
LUS1,478.608374133007,47.4063066095471,-0.346334404,466.69841668761,49.7482709223423,-0.315390802,0.5739852,0.5989552,24.31719,23.94044,48.6777958829238,48.5716261321704,0.002181071,-0.035220225,-0.02932332,41.0576240250044,50.1590257193875
LUS2,448.022539322199,53.8798508188747,0.0274947300145938,446.149928876245,55.5235618776671,0.0248904694167852,0.6335768,0.6500586,23.30779,23.08284,53.5589123376623,54.7460290350128,-0.02216469,-0.01781525,-0.01893939,44.9283353628863,49.7976414582429
LUS3,446.489564998743,54.0645536836812,-0.137025396,447.484872611465,55.7869904458599,-0.581926752,0.635486,0.6514489,23.36432,23.0716,54.8027913415555,55.708628935831,-0.016529041,-0.026772953,-0.02428974,42.4506807432082,49.7425540598658
LUS4,439.923185896427,54.6140894065796,0.410138517235952,438.893189243529,55.9720356873586,0.108522241769289,0.6404053,0.6546814,23.15975,22.99515,54.8125933511895,55.5587349094567,-0.013612594,-0.017071906,-0.0184293,46.4681384888197,49.7767814939793
LUS5,462.736487953115,53.1999739526807,0.0428717169524636,464.404200442152,55.1938946204864,-0.257896094,0.6284448,0.6480121,23.45394,23.12497,54.2220899413426,55.2555252488021,-0.019059304,-0.019793275,-0.01858655,45.6598777128333,49.075424302907
MAL1,464.722298563398,48.2729881324172,-0.035421611,473.87980556783,50.6554326115776,-0.100002651,0.5821646,0.6079081,24.10524,23.72463,49.3349892062697,50.5446068806934,-0.024518454,-0.029286575,-0.03165117,46.0115977254396,50.2751940849021
MAL2,468.914470430297,47.881163710874,0.0323542711792553,478.43720509989,50.4596295552655,-0.047140849,0.5773905,0.6038887,24.13789,23.73704,49.0883787417734,50.2248201727949,-0.023150926,-0.031894003,-0.03449465,44.7329259706217,50.6264389099541
MAL3,471.518339221074,48.3792188931048,-0.012215535,472.770498183705,51.4162571354437,-0.000967826,0.580726,0.6110035,24.08233,23.62046,49.9463253012048,51.4014730694354,-0.029134231,-0.027579018,-0.03065038,53.4332591884738,50.2910442885583
MAL4,478.291366906475,50.4126652963344,-0.190243805,476.131948241298,52.5410351740477,-0.100734463,0.5993919,0.6242814,23.8114,23.51321,50.1499296499657,51.4585112205802,-0.026093388,-0.032423135,-0.03626327,56.8525722922042,49.1906919780743
MAL5,464.160491213212,48.3697637095067,0.0991590091043828,468.605898456944,51.6527215032354,-0.278943504,0.5820075,0.6159505,24.08895,23.58556,49.7767264478928,51.3501307596513,-0.031609236,-0.032141237,-0.03084964,61.5071254175543,49.0189761501608
MUL1,444.694032366824,54.1472850640593,0.429346763317599,466.644116588701,54.9529920834833,0.255244692335372,0.6370892,0.6444129,23.26626,23.12299,53.031867723975,54.0559593232541,-0.019310872,-0.017350836,-0.02165657,49.2948584756138,50.0021743054677
MUL2,443.530026990553,53.0664865047233,0.144490553306343,456.791666666667,54.3016549707602,-0.018154971,0.6263997,0.6394623,23.37987,23.20947,52.1130642437344,53.2771531030445,-0.022337755,-0.02381172,-0.0291619,47.9108209313584,50.1864574179005
MUL3,449.598998634502,54.1030393718707,0.332539827036868,468.338554486462,55.1397918997539,0.226334750503468,0.6335813,0.6446354,23.22583,23.09325,53.2640077466393,54.2613412449619,-0.018724342,-0.020147994,-0.02319608,66.035002185129,48.3406648893773
MUL4,457.677124928694,53.6155379349686,0.507454649172847,481.070711896799,54.9322527472527,0.545255613951266,0.6298112,0.6443942,23.31255,23.07649,53.5447236180905,54.6556708921311,-0.020748025,-0.020481719,-0.02214717,48.8237180252622,50.463264939576
MUL5,452.21948776649,52.4275783373873,0.29279152954643,468.877253488008,53.7167440037623,0.404884778178398,0.6193996,0.6324087,23.48671,23.3134,52.1471543143573,53.4073070890841,-0.024165322,-0.023046831,-0.02790031,49.8744278264124,50.3172827630344
NBH1,467.86592269125,54.1909526120007,-0.182587741,462.752158894646,55.1990846286701,0.367107081174439,0.6366341,0.6502403,23.21391,23.12773,50.650960103795,51.974961038961,-0.026139701,-0.018960688,-0.03066719,52.9909505960341,50.6109141216803
NBH10,398.105863796623,55.7664900723696,0.197466134718872,398.987730990609,56.4003438352015,-0.247837019,0.6530482,0.6599687,22.99725,22.94979,54.9664209451304,55.4642133979994,-0.009056301,-0.021354454,-0.02159843,47.7698364696027,50.5481568558349
NBH2,464.120526971693,51.3173277550294,-0.396786541,482.214422813271,52.8180367425281,-0.585810255,0.6130013,0.6287385,23.64141,23.42015,49.8289365305759,50.2702609173304,-0.008856789,-0.030996793,-0.03269216,45.9531789427488,51.0180360247551
NBH3,521.253812267028,51.1660928498814,-0.218525923,511.548977395048,53.0243164693219,-0.337911733,0.6103408,0.6258253,23.6825,23.33036,51.7631218187988,52.3953448275862,-0.012213773,-0.026495529,-0.02928663,45.0528339934995,51.3134819337412
NBH4,474.455988455988,52.7202308802309,-0.103658009,509.172338090011,52.9201317233809,-0.232041712,0.6267618,0.626879,23.42271,23.42088,51.0001264907842,51.5693392070485,-0.011161006,-0.019939526,-0.0284583,48.8379396731914,51.0401789878046
NBH5,436.639811745654,52.4272730953164,0.00437741959970652,430.228233125355,54.3375397050482,-0.030445973,0.6194227,0.6382537,23.52072,23.22092,53.6026067358825,55.2799744680851,-0.031292652,-0.022231651,-0.02702831,51.7720028710219,49.4956045431002
NBH6,425.235161443495,53.3819117996201,0.127221628679962,433.053780109707,54.5364559980921,0.100798950632006,0.6304229,0.6425365,23.35237,23.20085,52.3795669992872,53.0900393747763,-0.013563922,-0.021439905,-0.02425394,48.7489192233973,51.216429266558
NBH7,431.252458913365,52.680053420482,0.0243537692863652,430.189418071634,54.0761704607257,-0.06915702,0.6239864,0.6386036,23.47709,23.25813,52.2155261006289,53.2772588793036,-0.020333661,-0.020920571,-0.02378862,61.8221160452665,51.1572918144138
NBH8,435.88424938001,53.2109291193264,0.0344287444489302,438.85012195122,54.1325646341463,0.0129743902439024,0.6291206,0.6386169,23.36963,23.24525,51.5607800230947,52.2858467545144,-0.014062369,-0.020978644,-0.02572924,49.6870694674989,50.700355504593
NBH9,459.078685110814,51.5080090733304,0.0501242005057266,464.132431126148,54.2844224262929,0.105867568873852,0.6134445,0.6408088,23.73607,23.34016,52.1365031998809,53.7285184588102,-0.03053552,-0.023110003,-0.02910491,51.3018128947809,51.1622740136129
NG1,432.135814592949,56.7347864087204,0.703557890601984,455.391570520367,57.0493548387097,0.387341652931481,0.6605755,0.6634525,22.92282,22.82485,53.7526074132337,55.1700612773981,-0.026369956,-0.018148731,-0.01934049,61.1519814004744,48.2965010840171
NG2,611.856313060689,47.4994352774132,-0.350201902,515.391394407306,50.7900244798042,-0.3374541,0.5746981,0.6059057,24.35979,23.8046,50.8313466983925,51.6899924656244,-0.016892052,-0.03248345,-0.03161139,65.8825070017543,48.5314075370122
NG3,416.360805860806,57.3134961334961,0.613040293040293,448.483457595527,57.1887255358807,0.0260531220876048,0.6650581,0.664374,22.72034,22.76859,53.8545602605863,54.9840573292939,-0.0209731,-0.019976681,-0.01865913,62.2485793078132,48.1157520784369
NG4,446.707219251337,55.2472259358289,0.733068181818182,471.088586030664,56.2154940374787,0.559403747870528,0.6472894,0.657815,23.1593,22.99504,54.3443857302118,55.498496592845,-0.021236984,-0.01407407,-0.01904496,54.6943589403844,49.9113790171158
NG5,427.610399303396,56.6210511257619,0.389215076502053,444.612053684477,56.8022258799696,-0.001456065,0.6584791,0.6603138,22.88551,22.90153,53.9177787467298,54.9413688212928,-0.018984278,-0.020738497,-0.02272242,60.4667071125816,48.995862496661
PD1,450.701351641279,53.2884638489595,0.185086891225059,463.184165651644,54.9704872107186,0.413676004872107,0.6287526,0.6475151,23.3925,23.11916,52.9988521421669,54.534132130668,-0.028968174,-0.019497144,-0.02252675,50.7353655789252,49.3325398318948
PD2,457.465429368209,51.9450774112895,0.189522069429753,467.045990031717,54.4976937018577,0.0830380607159039,0.616688,0.6405804,23.61963,23.22726,52.4731532312434,54.2769021121962,-0.0343747,-0.019704088,-0.02265194,52.3362645722456,46.6076451838141
PD3,464.901554404145,54.9071113989637,0.306923575129534,475.133879781421,56.156237314598,-0.093836846,0.6423152,0.6567008,23.11063,22.96642,54.3442088197147,55.4998397185301,-0.021265024,-0.022113765,-0.02555101,42.618329724158,49.5302429047775
PD4,472.591921182266,48.8080935960591,0.0350630541871921,478.181946688207,51.3965236268174,-0.083821688,0.5857724,0.612394,24.02462,23.6239,49.7949054742726,51.0883707070707,-0.025975855,-0.029166839,-0.02863908,45.5584768627835,50.4320509086904
PD5,450.561605567536,52.1769893158204,0.00174524603019017,458.297243040685,53.7145369379015,-0.194160867,0.618635,0.6365613,23.55401,23.31314,51.4286243619945,52.6276848874598,-0.023315042,-0.028506151,-0.03063327,44.6614843477783,49.8562363404311
PE1,463.767771639042,49.7186040515654,-0.460145488,479.049696969697,53.0459333333333,-0.697539394,0.6005352,0.6321751,23.96885,23.43778,51.4553218963291,52.255324439054,-0.015547518,-0.034497452,-0.03069589,73.1981088546655,47.5185063231968
PE2,479.729242551602,49.2953917997572,-0.251897824,481.371095376926,52.3270179092045,-0.01058309,0.5932625,0.6254736,24.01565,23.55188,51.8974371201496,51.3084849749583,0.011348386,-0.027025397,-0.02872051,52.577040025954,47.9902680982397
PE3,501.206896551724,50.9824910820452,0.890136741973841,527.314655172414,54.5053304597701,1.84626436781609,0.6073746,0.6397421,23.77159,23.19886,52.3964562239428,53.8300720461095,-0.027360931,-0.005500686,-0.01531837,60.9266540300489,48.9048502156808
PE4,469.984083424808,50.2065949506037,-0.025621295,500.442463533225,53.1439351701783,-0.189727715,0.6012249,0.6286248,23.8707,23.43782,51.1759494783086,52.2133452188006,-0.020271158,-0.028175623,-0.02774883,51.1638966368376,49.9107190956382
PE5,418.635630043451,53.4951371818746,0.540916201117318,395.574938021185,55.9304214559387,0.355217489294568,0.6314468,0.6548022,23.42047,22.99264,54.1062037267081,54.9719995491434,-0.016001785,-0.017587514,-0.01758047,49.8514581301303,49.5430217569627
SNJ1,494.302946593002,47.410572053407,-0.215563421,489.416666666667,49.8474756852343,-0.141850133,0.5729327,0.5983332,24.33772,23.98228,51.271992394561,51.2027747070528,0.00135001,-0.028570193,-0.02923427,61.9330121376866,46.3166902033802
SNJ2,461.069840625317,46.7580144147802,0.0924251345041112,475.788707799767,50.2870518044237,0.279126891734575,0.565009,0.6038476,24.35867,23.80146,49.5995365853659,51.0167686480186,-0.028573494,-0.024360249,-0.02950525,50.4900167908941,49.8440972691167
SNJ3,478.901011115095,47.7151617067049,-0.127960559,471.220545118905,49.2953887501357,-0.253032903,0.5766462,0.5934918,24.24168,23.98664,49.7794306969797,49.2294614130435,0.011048123,-0.033563915,-0.02786344,51.9867808050357,48.8824702744155
SNJ4,465.332910934106,48.9040737388366,-0.146054791,476.740443781466,51.9588719000559,-0.136337871,0.5890234,0.6170965,24.15263,23.65972,51.6676475206861,52.5597034688549,-0.017265271,-0.026047248,-0.02508835,53.8566640754555,49.5579118359838
SNJ5,451.032141617494,51.0861221797987,0.184029503644568,451.459025898724,53.0263074990336,0.287408194820255,0.6087786,0.6284086,23.74281,23.43825,52.75756338,53.4706562922869,-0.013516411,-0.018913944,-0.02317402,52.2181922296613,49.5062420450645
TMS1,502.281953657158,48.4758883369523,-0.368881287,475.338311019567,51.1347721421215,-0.104513388,0.5842209,0.613206,24.17057,23.79213,50.8166565376709,49.8883494519665,0.018267772,-0.034064404,-0.03105863,66.5619875616884,50.343452104525
TMS2,489.040502866761,48.8244313818316,-0.362893851,476.478701155751,51.3175277930655,-0.298512933,0.5870062,0.6142277,24.08652,23.70192,50.2406356523801,49.5842406876791,0.013065021,-0.03396823,-0.0317551,55.9488120273177,50.0942214658143
TMS3,458.831094931788,52.0141241959426,0.246516929384322,429.426454923986,54.8287440689455,0.348366418127239,0.6162507,0.6441205,23.67288,23.15348,53.8701053748232,54.8600232535607,-0.018376015,-0.019819335,-0.02332273,50.8430165837245,49.2101759449533
TMS4,474.934570117694,50.0894389587074,-0.242119489,453.238930216082,53.7268703506908,-0.18361672,0.5986697,0.6359225,23.94731,23.36758,51.8974479556687,52.8006678476528,-0.017403937,-0.028612066,-0.03034904,46.1550844003758,50.1683929838557
TMS5,485.995733526672,49.3284088564178,-0.183956666,458.869473684211,52.3007639097744,0.131083709273183,0.5919763,0.6228657,24.04448,23.57633,51.150509913432,51.3920682388359,-0.004722501,-0.029123645,-0.02911422,54.4563995003095,49.5607834071108
TTS1,448.05316918855,50.6704112512864,0.0117643023211495,453.980038118166,52.7171070317986,-0.044867088,0.6043729,0.6261461,23.80421,23.4792,51.5909041984733,52.7482821285141,-0.022433759,-0.02672792,-0.02738429,43.7353555612473,50.1521845547882
TTS2,481.679932347967,47.4297855724686,-0.21686624,472.813308490817,50.0544109661964,-0.377680064,0.5737082,0.6006293,24.30333,23.90909,49.9918958155423,49.7690544931551,0.004457549,-0.033307174,-0.0292002,49.2383881849711,50.0754446409805
TTS3,488.356982102668,47.8760827349695,-0.226335119,468.923646866759,49.8954602536732,-0.299766001,0.578129,0.600038,24.24674,23.91979,49.6379177308922,49.2610450888367,0.007592435,-0.042790132,-0.03288843,52.5557059341545,50.1915362485759
TTS4,488.984443581858,47.9743944641844,-0.267489923,469.175057603687,49.8320771889401,-0.271971774,0.5797384,0.601317,24.21962,23.92649,50.3011556219649,49.1358946276228,0.02316569,-0.039358226,-0.03089649,48.3086859202233,51.5350826609651
TTS5,492.801700817114,48.931416145277,-0.206231705,464.414227618993,50.5110670714245,-0.239489089,0.5889159,0.6079145,24.07399,23.80984,49.6830939080651,49.1231396616002,0.011270519,-0.042924401,-0.03215596,48.9812288915751,48.482355969394
WL1,628.036041955181,48.5130234561878,-0.252767689,503.648283176455,47.9186928277874,-0.278647311,0.5859477,0.5829998,24.11091,24.17624,51.9502826148566,48.312185453902,0.070030363,-0.044957679,-0.02859131,59.001351971247,47.7887520233266
WL2,465.034488660676,46.6158341463415,-0.044626615,466.814493211241,48.7219466371961,-0.03601463,0.5666663,0.5874783,24.41576,24.09205,49.2598596376973,49.3007854396039,-0.000830814,-0.030899488,-0.02948248,51.7099721826782,47.6352214212149
WL3,558.823947956902,48.4571363496043,-0.331030095,489.428761820143,48.0084235577838,-0.115427429,0.5847728,0.5824831,24.10816,24.15653,50.9937865372588,47.949485354851,0.059699453,-0.039535059,-0.02927354,57.3369850887435,47.8744949157983
WL4,576.554428787928,49.6853270402734,-0.371782236,488.996568526525,49.6766248026903,-0.438113376,0.596105,0.5958218,23.9187,23.92652,51.8363195340733,49.5533056261592,0.044042747,-0.035215197,-0.02932337,53.4342814410105,49.3140860338317
WL5,519.884728101596,48.7661042506826,-0.267944794,494.163765122455,47.6522838595456,-0.371553556,0.587453,0.5784421,24.07675,24.21696,51.0129485507973,48.1354601861427,0.056407019,-0.036274685,-0.02692975,51.4065277473045,48.5133788953203
WYL1,473.363902112123,48.1166485649582,-0.214778504,458.360568383659,50.4387959908653,-0.295927852,0.5811742,0.6054453,24.17992,23.82908,49.7587022000139,49.9216838095238,-0.003275439,-0.031625439,-0.02941495,47.9876644297518,49.5087696306536
WYL2,437.959123368628,51.1130675062441,-0.077873149,441.557206126592,53.5605886694962,-0.293898321,0.6084743,0.6323939,23.73368,23.3634,52.9061965480803,54.1115188470066,-0.022782252,-0.023929327,-0.02599824,52.2633601759831,46.7277598921172
WYL3,433.697832332202,52.0186436841647,0.118162270392618,428.114844343204,54.4760497342445,-0.188659833,0.6186662,0.6437318,23.61379,23.23043,52.5323718619247,54.2199658054711,-0.032124838,-0.021836158,-0.02277131,46.2868261049048,49.5447187177194
WYL4,414.112104995899,53.6637061052303,0.342731924534198,431.31645021645,54.686987012987,0.165206060606061,0.6330725,0.6446719,23.29233,23.14519,54.156266025641,55.3078099280949,-0.021263355,-0.016092956,-0.01959226,45.0468710080524,50.0846864513023
WYL5,476.507489817675,48.1245687887817,-0.151734412,456.50458176116,49.9400225412849,-0.23912922,0.5816159,0.6015025,24.20228,23.89597,49.442611129359,49.0436873590272,0.00806842,-0.036766941,-0.02943036,51.8493205213602,49.1090306125404
XSBN1,454.545103516267,50.4140371344068,-0.335269471,453.790855207451,53.2090283657917,-0.260179932,0.6013858,0.6303466,23.84363,23.42248,51.2252430698363,52.5018428299089,-0.024921302,-0.02902805,-0.03112557,48.1248848560007,51.8414011821893
XSBN10,402.87673514714,54.4895058300944,0.0843020544142143,397.436338197082,55.9461243254048,-0.072094743,0.6395328,0.6530306,23.21364,22.97552,54.2202468312208,54.9815609365619,-0.014041141,-0.017413828,-0.02162277,44.1861839471247,51.2238206838293
XSBN2,490.718369829684,51.358499594485,-0.231092863,507.623781676413,53.2807732293697,0.016835607537362,0.6113294,0.630347,23.79398,23.43773,50.4898781478473,51.8042235217674,-0.026031859,-0.018174546,-0.01944847,45.9592789952979,52.3131469680879
XSBN3,501.195375722543,50.2721271676301,-0.087499333,479.58920824295,52.67909165,0.340406724511931,0.6011214,0.6280068,24.02808,23.55203,49.8884496746011,51.0417712578104,-0.023118008,-0.022168903,-0.02587195,44.0708895920509,52.0587442110703
XSBN4,478.692605123248,52.0919139681005,-0.127356211,489.831425598335,54.7319146722164,-0.429958377,0.617919,0.646135,23.65446,23.22613,50.4313841670714,52.0444676409186,-0.031985707,-0.026307546,-0.02803626,42.6459041883519,51.7159120683738
XSBN5,466.218935675536,49.8141526737277,-0.58842418,492.703910614525,51.6444134078212,-0.369024495,0.5957571,0.6121059,23.87892,23.55406,49.0761346278317,49.8712677878396,-0.016202033,-0.027992771,-0.02938291,45.3040349455463,51.0720952184072
XSBN6,490.741364432707,49.0719987971655,-0.228663285,463.01930758988,51.4500627734449,-0.301950732,0.5917837,0.6162533,24.04949,23.62178,51.2359747127039,50.807423622347,0.008364262,-0.029541374,-0.02750722,102.262454430377,50.9990743202188
XSBN7,638.067425422616,46.5781438374683,-0.211587787,504.745219935221,49.3469705359941,-0.309818723,0.5668398,0.5965484,24.47188,24.00639,50.990876857257,49.2704843349548,0.033739222,-0.037488377,-0.02714059,59.9640124069583,47.0843313400743
XSBN8,447.273029712057,53.0240862682115,0.299557187105656,422.810175185985,55.2775281977442,0.0218166546676266,0.6268814,0.6488575,23.42574,23.0729,54.2011874138723,55.1213517406963,-0.01697683,-0.016639499,-0.01806399,54.0305162679972,50.2828236031072
XSBN9,451.103178582172,51.3210287776998,0.115938032688258,438.27498435218,54.1834946797413,-0.292011266,0.6116195,0.6382188,23.73921,23.26003,52.8739405801465,54.1311159874608,-0.023776843,-0.023054202,-0.02323911,48.1018149668198,50.8664313046091
YLXS1,484.647917422685,51.3531785008669,-0.039335914,453.080981595092,53.1184662576687,-0.03796319,0.612827,0.6291241,23.72033,23.42601,53.2585472223343,52.7002525429674,0.010482725,-0.023855051,-0.02350905,50.5706505378108,48.4048436045411
YLXS2,491.232935815397,50.1696495055265,-0.203921854,462.990557129367,51.6547946175637,-0.192419736,0.6021856,0.6186933,23.89923,23.68705,53.057583414161,51.6553412042503,0.026428686,-0.024225218,-0.02186992,56.036004703085,48.5130733858953
YLXS3,486.273048497599,49.3839941738145,-0.350999622,465.625143777318,50.940624568668,-0.14621003,0.5933956,0.6094388,24.03046,23.79067,52.1990906637156,50.9776151012891,0.023400323,-0.023438677,-0.02662649,52.8814215792436,48.0267527606341
YLXS4,454.347577951002,51.2269341592428,-0.083832127,443.031081081081,53.566722007722,0.026972972972973,0.610183,0.6331051,23.76095,23.33509,53.1194045546347,53.7556499903419,-0.011977646,-0.018689735,-0.02244477,49.9733217325105,48.3147996095544
YLXS5,460.422776911076,50.7760587150759,-0.214768118,452.335545891508,53.1450995651179,-0.535371939,0.6058026,0.6284201,23.80652,23.4306,52.6299567038115,52.9728960622711,-0.006516049,-0.028793716,-0.02706851,44.0380263026613,47.9187104495867
